Customer ID,Age,Gender,City,Marketing Channel,Campaign Name,Campaign Cost,Impressions,Clicks,Leads,Conversions,Sales,Revenue,Campaign Date
1001,60,Male,Mumbai,LinkedIn,Flash Sale,9066,110079,3857,618,366,366,247416,2025-05-17
1002,21,Male,Hyderabad,Google Ads,Brand Awareness,6254,35768,3020,263,130,130,61230,2025-05-16
1003,27,Female,Delhi,Facebook,New Launch,6355,30668,1560,199,72,72,85968,2025-12-16
1004,44,Male,Pune,Facebook,Flash Sale,7293,118034,10424,1240,578,578,342176,2026-03-29
1005,24,Male,Delhi,LinkedIn,Brand Awareness,8531,101698,4854,985,542,542,390240,2026-04-30
1006,46,Male,Bengaluru,Instagram,Brand Awareness,4598,80061,3574,746,392,392,356720,2025-11-09
1007,53,Female,Kolkata,Twitter/X,New Launch,6757,66238,6137,1247,681,681,725946,2026-02-01
1008,60,Female,Mumbai,Google Ads,New Launch,8201,32637,2436,230,118,118,38940,2025-08-14
1009,55,Female,Jaipur,Email,Festival Offer,1174,108741,8965,1192,703,703,680504,2025-08-03
1010,35,Male,Pune,Google Ads,Summer Sale,4767,44459,2338,332,116,116,57420,2026-06-02
1011,36,Female,Ahmedabad,Twitter/X,Festival Offer,4999,26026,2001,358,146,146,94316,2026-06-25
1012,21,Male,Kolkata,Facebook,Holiday Discount,7526,19915,1584,190,99,99,116523,2026-06-16
1013,31,Male,Chennai,Email,Holiday Discount,1733,33372,2071,211,70,70,79660,2025-01-03
1014,48,Male,Kochi,Twitter/X,Loyalty Campaign,6685,59616,5087,759,293,293,289777,2025-08-14
1015,50,Male,Jaipur,Email,Summer Sale,3703,79208,6344,921,524,524,413436,2025-07-21
1016,23,Male,Jaipur,LinkedIn,Holiday Discount,9447,65423,3456,802,304,304,336528,2025-03-31
1017,49,Female,Kochi,Facebook,Holiday Discount,7515,100587,7662,692,407,407,426536,2026-03-08
1018,28,Male,Ahmedabad,Facebook,Brand Awareness,4797,79675,4900,512,301,301,237489,2025-11-16
1019,27,Male,Ahmedabad,Facebook,Summer Sale,4932,100782,7365,1840,848,848,381600,2026-04-20
1020,58,Male,Kochi,Facebook,Summer Sale,6919,49221,2389,451,230,230,130640,2025-09-20
1021,53,Male,Jaipur,Instagram,Summer Sale,4885,90641,2765,331,151,151,128803,2025-08-19
1022,45,Male,Hyderabad,Facebook,Referral Program,3964,75637,2456,235,94,94,64672,2025-12-18
1023,24,Female,Pune,Email,Brand Awareness,3772,98226,9657,1711,582,582,420786,2025-04-03
1024,47,Male,Hyderabad,Email,Brand Awareness,1047,29700,775,70,23,23,15985,2026-01-06
1025,33,Male,Hyderabad,YouTube,Holiday Discount,6769,44501,2271,453,187,187,102850,2026-03-08
1026,59,Male,Ahmedabad,Google Ads,Festival Offer,4152,97103,8220,1695,493,493,563006,2025-01-08
1027,57,Male,Kolkata,Google Ads,Brand Awareness,5710,85974,8002,1661,918,918,858330,2025-03-21
1028,22,Male,Kochi,YouTube,Brand Awareness,10322,69569,3708,364,195,195,111540,2025-11-07
1029,57,Male,Mumbai,YouTube,Summer Sale,5089,20925,847,114,65,65,40430,2025-11-02
1030,59,Female,Bengaluru,Google Ads,Loyalty Campaign,8539,63304,5975,1023,270,270,311310,2025-07-06
1031,49,Male,Kolkata,Twitter/X,Holiday Discount,5594,37042,2724,651,365,365,384710,2026-03-03
1032,53,Female,Mumbai,Facebook,Summer Sale,2975,100370,3943,710,264,264,234432,2026-05-17
1033,53,Female,Chennai,YouTube,New Launch,10105,102173,4107,629,310,310,335420,2025-01-01
1034,48,Female,Delhi,YouTube,Loyalty Campaign,6937,100503,3487,497,249,249,184509,2025-10-08
1035,24,Male,Pune,YouTube,New Launch,7053,16319,1423,214,109,109,56898,2026-06-04
1036,53,Male,Delhi,Twitter/X,Holiday Discount,3174,42907,3599,585,227,227,240620,2026-01-03
1037,54,Male,Kolkata,Google Ads,Summer Sale,5852,48072,1871,367,134,134,105324,2025-12-08
1038,22,Male,Pune,Facebook,Referral Program,6248,48328,3262,379,111,111,126429,2025-10-10
1039,38,Male,Chennai,YouTube,Brand Awareness,8399,116448,8672,1595,707,707,846279,2025-11-25
1040,38,Female,Hyderabad,Email,Summer Sale,1605,15651,1454,333,154,154,49280,2026-04-04
1041,31,Female,Pune,Email,Flash Sale,3237,62037,3611,365,204,204,186252,2025-12-31
1042,27,Female,Kochi,Facebook,Holiday Discount,2956,76713,5555,724,197,197,112684,2026-05-11
1043,21,Female,Pune,Instagram,Holiday Discount,7550,62426,4896,676,341,341,254386,2025-09-22
1044,21,Female,Pune,LinkedIn,New Launch,11550,41600,2832,475,158,158,95590,2026-01-04
1045,50,Male,Jaipur,YouTube,Referral Program,10236,70513,4677,880,252,252,292824,2025-01-11
1046,20,Male,Bengaluru,Email,Summer Sale,3650,33756,710,77,45,45,42660,2025-10-03
1047,57,Male,Ahmedabad,Twitter/X,New Launch,4694,33634,2080,513,221,221,230724,2026-03-01
1048,36,Male,Pune,Google Ads,New Launch,9001,72957,4354,532,151,151,115968,2025-11-02
1049,44,Female,Kochi,Email,Referral Program,2142,68292,1563,134,58,58,42746,2025-03-10
1050,57,Male,Mumbai,Facebook,Loyalty Campaign,6587,54526,3055,275,73,73,78840,2025-03-17
1051,60,Female,Kolkata,YouTube,Flash Sale,8943,98767,4208,406,166,166,80676,2025-08-23
1052,57,Female,Ahmedabad,YouTube,New Launch,9555,44315,1391,215,106,106,34768,2025-12-08
1053,22,Male,Ahmedabad,YouTube,Summer Sale,4756,88462,6343,1498,560,560,327600,2025-04-18
1054,50,Female,Bengaluru,YouTube,Festival Offer,7486,50812,2973,669,274,274,192074,2025-09-01
1055,56,Male,Chennai,Email,New Launch,3809,88663,8253,1467,841,841,619817,2025-02-21
1056,56,Male,Bengaluru,Google Ads,Loyalty Campaign,7424,27836,902,124,61,61,41785,2026-05-18
1057,53,Male,Pune,Instagram,New Launch,3081,111826,8704,1146,352,352,303776,2025-05-11
1058,19,Male,Mumbai,LinkedIn,Referral Program,11582,65614,1711,380,182,182,138502,2025-02-11
1059,44,Female,Bengaluru,Twitter/X,Holiday Discount,7404,38907,2553,631,164,164,144976,2026-03-08
1060,34,Female,Jaipur,Facebook,Summer Sale,4780,109942,8460,1020,609,609,428736,2025-08-28
1061,26,Male,Jaipur,Instagram,Referral Program,4390,75414,7386,1055,269,269,271421,2025-01-20
1062,41,Female,Kochi,YouTube,Brand Awareness,9547,39755,1353,143,39,39,25467,2026-04-05
1063,20,Female,Delhi,Facebook,Flash Sale,7585,12619,706,102,45,45,25200,2026-01-04
1064,45,Female,Ahmedabad,YouTube,New Launch,9539,38270,3746,571,274,274,307702,2025-03-18
1065,24,Male,Kochi,Google Ads,Flash Sale,9661,118862,10795,1107,414,414,217350,2026-01-02
1066,43,Female,Chennai,Google Ads,Summer Sale,8960,77949,5581,1129,588,588,233436,2025-09-15
1067,29,Female,Jaipur,LinkedIn,New Launch,7170,22882,2021,343,149,149,147659,2025-01-23
1068,50,Female,Mumbai,Twitter/X,New Launch,6904,60391,3375,306,105,105,72975,2025-04-18
1069,22,Male,Bengaluru,YouTube,Flash Sale,5987,57588,5231,1051,310,310,156860,2025-03-09
1070,25,Female,Chennai,Google Ads,Festival Offer,4466,86744,5089,772,253,253,184943,2025-11-01
1071,20,Male,Hyderabad,Twitter/X,Festival Offer,4171,26775,1228,262,72,72,65232,2026-04-19
1072,33,Female,Chennai,Twitter/X,Flash Sale,6426,115962,6368,1247,398,398,180294,2025-08-08
1073,36,Female,Delhi,Facebook,Summer Sale,6245,86311,1885,389,151,151,108871,2025-09-28
1074,21,Male,Kochi,Twitter/X,Festival Offer,2715,73445,3354,343,139,139,131772,2026-03-20
1075,60,Male,Chennai,Facebook,Festival Offer,4153,113655,6101,1404,538,538,165704,2025-11-27
1076,49,Female,Delhi,Google Ads,Flash Sale,4661,55850,4171,470,276,276,309948,2025-09-14
1077,39,Male,Chennai,LinkedIn,Referral Program,9414,17893,1008,220,85,85,80580,2026-04-01
1078,48,Male,Kochi,Facebook,Holiday Discount,6466,104155,5900,708,285,285,196365,2026-05-01
1079,48,Female,Kolkata,YouTube,Holiday Discount,6921,59762,1655,294,131,131,52007,2025-11-21
1080,42,Male,Delhi,LinkedIn,Referral Program,5857,54299,3384,596,169,169,193843,2026-02-03
1081,39,Male,Chennai,Google Ads,New Launch,4490,10324,792,153,70,70,40040,2025-02-19
1082,56,Male,Pune,YouTube,Loyalty Campaign,5216,83910,4899,641,356,356,199360,2025-02-18
1083,56,Male,Bengaluru,Twitter/X,Flash Sale,3413,58367,2238,216,70,70,52780,2025-11-10
1084,29,Male,Bengaluru,Twitter/X,Holiday Discount,3452,89936,7905,1031,310,310,132370,2026-03-02
1085,47,Female,Jaipur,Google Ads,Brand Awareness,5853,94693,4191,830,437,437,461035,2025-04-06
1086,25,Female,Mumbai,Google Ads,Summer Sale,5939,72242,4675,1004,596,596,376076,2026-03-05
1087,29,Female,Ahmedabad,Instagram,Festival Offer,6254,58360,3880,613,361,361,283024,2025-08-08
1088,18,Male,Jaipur,Twitter/X,Holiday Discount,3533,60122,4562,631,321,321,263541,2025-04-20
1089,20,Male,Mumbai,Instagram,New Launch,7614,106839,9647,2189,738,738,297414,2025-06-15
1090,29,Female,Kolkata,YouTube,Referral Program,7669,34085,1105,165,70,70,69160,2025-03-28
1091,32,Female,Jaipur,YouTube,New Launch,5115,15607,759,97,48,48,22320,2025-05-23
1092,52,Female,Kolkata,Instagram,New Launch,5080,18616,1660,202,92,92,62468,2026-06-22
1093,55,Male,Bengaluru,Email,Loyalty Campaign,3677,23989,1795,276,101,101,87264,2025-05-08
1094,56,Female,Mumbai,Facebook,Loyalty Campaign,7331,109418,5683,711,286,286,105820,2025-06-12
1095,39,Male,Delhi,YouTube,Festival Offer,7315,56833,5285,637,162,162,193914,2026-02-02
1096,22,Female,Bengaluru,LinkedIn,Festival Offer,8860,51988,2301,370,109,109,103659,2026-06-18
1097,30,Male,Kochi,Facebook,Festival Offer,5065,29900,2741,608,242,242,273944,2025-08-24
1098,51,Female,Pune,Google Ads,New Launch,8478,92030,4933,673,284,284,239696,2025-02-03
1099,25,Male,Kochi,Facebook,Loyalty Campaign,3379,53928,2782,367,136,136,148240,2025-01-04
1100,25,Female,Kolkata,Instagram,New Launch,7140,39122,2589,290,124,124,75764,2026-04-29
1101,59,Female,Jaipur,LinkedIn,Festival Offer,7139,88662,4779,747,401,401,324008,2025-07-10
1102,55,Male,Bengaluru,Twitter/X,New Launch,6070,13926,656,92,34,34,19720,2026-05-26
1103,36,Female,Kolkata,Facebook,Holiday Discount,3701,76323,7268,1580,416,416,430144,2025-03-23
1104,39,Female,Pune,Facebook,Flash Sale,6022,46164,1557,256,145,145,74675,2026-01-10
1105,22,Female,Mumbai,Google Ads,New Launch,6140,57559,1240,176,102,102,107202,2026-05-26
1106,57,Female,Bengaluru,Twitter/X,New Launch,3088,28505,1435,281,164,164,184828,2025-03-19
1107,59,Male,Jaipur,Twitter/X,Summer Sale,5185,112466,3982,793,372,372,343356,2025-09-14
1108,39,Female,Pune,Instagram,Holiday Discount,3598,71143,3519,347,158,158,186440,2025-06-24
1109,29,Male,Delhi,Google Ads,Flash Sale,7036,51792,1522,207,97,97,99231,2025-04-16
1110,24,Female,Pune,LinkedIn,Holiday Discount,10871,25357,2471,402,165,165,146190,2026-05-09
1111,56,Male,Bengaluru,Facebook,Loyalty Campaign,3506,106448,4842,493,290,290,334950,2025-12-02
1112,18,Female,Jaipur,Instagram,Brand Awareness,7388,93971,4917,676,306,306,173196,2025-12-02
1113,60,Male,Ahmedabad,Twitter/X,Referral Program,3174,98992,4741,635,286,286,158158,2025-08-01
1114,18,Male,Jaipur,Email,Loyalty Campaign,3313,45273,2218,201,92,92,84088,2025-11-14
1115,38,Male,Pune,YouTube,Referral Program,6157,97384,7408,1552,654,654,358392,2025-11-07
1116,56,Male,Pune,YouTube,Flash Sale,8671,100403,9752,1760,873,873,922761,2026-03-24
1117,30,Female,Bengaluru,Instagram,Referral Program,4164,29729,1352,257,119,119,79730,2025-01-17
1118,18,Male,Jaipur,Twitter/X,Flash Sale,5183,16563,1469,160,68,68,34136,2025-12-11
1119,59,Male,Kochi,Instagram,Summer Sale,3561,22509,1452,137,74,74,87320,2026-01-28
1120,32,Male,Delhi,Instagram,New Launch,7238,23088,1271,150,84,84,47292,2025-02-18
1121,27,Female,Ahmedabad,Twitter/X,Festival Offer,3760,112920,10579,2430,922,922,426886,2025-07-09
1122,59,Female,Bengaluru,LinkedIn,Brand Awareness,5804,94915,5943,1228,547,547,330388,2025-10-21
1123,40,Male,Kolkata,LinkedIn,Holiday Discount,10530,64485,2718,583,287,287,101024,2025-12-23
1124,46,Male,Ahmedabad,Email,Holiday Discount,2584,85285,7410,1051,407,407,382173,2025-12-11
1125,60,Male,Bengaluru,Facebook,Brand Awareness,6570,30059,2908,523,248,248,270568,2025-08-22
1126,28,Male,Bengaluru,Email,Summer Sale,2913,14650,1323,298,157,157,137532,2025-03-02
1127,54,Female,Bengaluru,Email,Festival Offer,3074,105384,10389,957,393,393,211041,2025-08-16
1128,41,Female,Chennai,Twitter/X,Summer Sale,3711,38447,2966,585,347,347,254351,2025-01-26
1129,28,Female,Mumbai,YouTube,Referral Program,8266,91221,8592,1615,507,507,523224,2025-10-16
1130,30,Female,Pune,Instagram,Holiday Discount,2918,35595,1788,258,98,98,101724,2026-04-21
1131,39,Male,Ahmedabad,Instagram,Loyalty Campaign,3105,73416,4821,865,229,229,206558,2025-07-22
1132,21,Male,Ahmedabad,Email,Festival Offer,2514,59404,1768,248,86,86,88408,2025-11-22
1133,30,Male,Chennai,YouTube,Brand Awareness,8428,34923,761,143,49,49,39347,2025-09-25
1134,57,Female,Jaipur,Email,Festival Offer,3720,52594,2661,661,249,249,249498,2026-02-03
1135,49,Male,Hyderabad,Instagram,New Launch,3510,19704,933,233,135,135,75735,2026-04-06
1136,55,Male,Kochi,Facebook,Summer Sale,6637,32508,1947,219,124,124,56544,2025-09-28
1137,44,Male,Mumbai,Instagram,Summer Sale,7928,102541,9162,980,502,502,324794,2026-02-06
1138,25,Female,Chennai,Google Ads,Holiday Discount,9615,55106,3839,542,153,153,49113,2025-09-11
1139,30,Male,Ahmedabad,Facebook,Brand Awareness,6312,70854,3770,481,131,131,126808,2025-01-27
1140,19,Female,Chennai,LinkedIn,Referral Program,10263,52552,2845,519,231,231,121044,2025-04-16
1141,29,Female,Hyderabad,LinkedIn,Referral Program,10383,33676,1636,247,128,128,47744,2026-05-21
1142,46,Female,Chennai,Google Ads,Holiday Discount,5854,60720,5425,951,268,268,181704,2026-05-15
1143,18,Male,Hyderabad,Instagram,Flash Sale,6263,94129,9147,2239,913,913,850003,2025-09-15
1144,33,Male,Kochi,Google Ads,Summer Sale,5470,19177,519,121,68,68,41208,2025-12-08
1145,30,Female,Kochi,Facebook,Flash Sale,6518,48926,3455,413,157,157,140201,2025-09-05
1146,39,Female,Chennai,Twitter/X,Flash Sale,3796,83548,6250,781,321,321,354384,2025-08-17
1147,55,Male,Hyderabad,Google Ads,Flash Sale,7771,113377,4854,760,402,402,440592,2025-06-08
1148,21,Female,Pune,Twitter/X,Referral Program,5986,49946,3386,784,386,386,394492,2026-06-24
1149,51,Male,Mumbai,YouTube,Festival Offer,10179,58544,3503,373,122,122,40382,2026-06-24
1150,33,Female,Mumbai,YouTube,Loyalty Campaign,9042,35833,2277,513,262,262,292392,2026-02-12
1151,53,Male,Kochi,Facebook,Festival Offer,4693,27168,903,175,77,77,39270,2025-03-08
1152,22,Female,Delhi,Email,Summer Sale,3336,90179,6893,771,327,327,199797,2026-05-12
1153,27,Female,Bengaluru,LinkedIn,Flash Sale,5116,96893,5380,847,459,459,457623,2026-04-13
1154,54,Male,Hyderabad,Email,Festival Offer,3114,20694,631,95,31,31,20181,2026-02-26
1155,56,Female,Chennai,Twitter/X,Festival Offer,6454,72677,6149,1143,553,553,364980,2025-09-16
1156,47,Female,Mumbai,Google Ads,Brand Awareness,8464,98249,5751,1266,749,749,423934,2025-04-27
1157,58,Male,Jaipur,Facebook,Holiday Discount,6894,90441,6914,1646,826,826,652540,2025-05-06
1158,40,Female,Chennai,Email,Referral Program,2119,116407,7756,1742,660,660,367620,2025-07-08
1159,46,Male,Bengaluru,Instagram,Referral Program,7806,21135,1991,415,197,197,224777,2025-09-07
1160,20,Male,Ahmedabad,Google Ads,New Launch,6485,52202,5106,712,402,402,286224,2025-03-22
1161,58,Female,Ahmedabad,Twitter/X,Brand Awareness,5916,68474,4419,1012,475,475,219450,2025-01-30
1162,36,Female,Ahmedabad,Twitter/X,Flash Sale,3866,99361,9929,2463,1182,1182,1129992,2026-02-28
1163,19,Female,Delhi,Instagram,Holiday Discount,4339,97904,2908,557,213,213,231105,2025-11-23
1164,30,Female,Mumbai,Email,Festival Offer,3712,36762,1685,411,237,237,157605,2026-06-03
1165,42,Female,Delhi,Twitter/X,Summer Sale,4908,112032,10581,1667,840,840,799680,2025-01-10
1166,37,Female,Pune,Email,Flash Sale,3696,29356,2514,201,109,109,130800,2026-02-21
1167,36,Female,Kolkata,Facebook,Referral Program,4634,51948,4806,981,350,350,182700,2025-02-10
1168,45,Female,Chennai,Facebook,Flash Sale,4298,115291,4544,912,369,369,431361,2026-04-24
1169,19,Female,Ahmedabad,Instagram,Referral Program,3504,90400,3067,761,367,367,417279,2025-02-05
1170,36,Male,Chennai,Twitter/X,Summer Sale,2617,17209,1334,297,152,152,136648,2025-02-02
1171,28,Male,Kochi,Email,Referral Program,2661,67136,6485,1177,487,487,434891,2025-07-16
1172,48,Female,Hyderabad,LinkedIn,Festival Offer,7524,51188,3981,579,301,301,238091,2025-05-04
1173,31,Male,Hyderabad,Facebook,Flash Sale,6763,43072,1398,253,74,74,74370,2025-12-17
1174,52,Female,Hyderabad,Facebook,New Launch,4940,58156,4601,1145,686,686,607110,2025-10-19
1175,45,Female,Ahmedabad,LinkedIn,Flash Sale,9993,99907,8295,1394,653,653,451876,2026-04-30
1176,23,Male,Jaipur,Instagram,Flash Sale,2977,59094,2728,254,121,121,131043,2025-05-27
1177,51,Female,Mumbai,YouTube,Holiday Discount,9238,19501,728,129,71,71,22081,2025-03-08
1178,40,Female,Jaipur,YouTube,Summer Sale,9038,39038,3367,786,393,393,394179,2025-04-29
1179,22,Female,Bengaluru,Email,Festival Offer,1308,106210,7042,790,419,419,452939,2025-03-13
1180,50,Male,Chennai,Twitter/X,Loyalty Campaign,6049,39910,2077,449,201,201,217683,2025-10-11
1181,45,Male,Mumbai,LinkedIn,Referral Program,9615,19203,1493,305,94,94,70876,2025-03-08
1182,27,Male,Bengaluru,LinkedIn,Loyalty Campaign,7363,59054,1605,353,117,117,36738,2025-01-31
1183,18,Male,Kolkata,Email,Summer Sale,1176,100305,8417,675,245,245,126665,2025-09-03
1184,20,Male,Jaipur,Twitter/X,Festival Offer,4288,10826,580,130,35,35,40530,2026-03-02
1185,40,Male,Bengaluru,Email,Flash Sale,2701,66805,2447,555,166,166,58266,2025-03-16
1186,35,Male,Hyderabad,Facebook,Brand Awareness,6749,59494,1444,212,86,86,79894,2025-07-31
1187,27,Female,Ahmedabad,Email,Loyalty Campaign,3196,24049,1496,195,108,108,92340,2025-10-24
1188,58,Female,Kochi,Instagram,Brand Awareness,3346,77552,6180,1488,844,844,368828,2026-01-19
1189,52,Male,Kochi,Instagram,New Launch,4462,114276,3697,518,241,241,169664,2026-02-01
1190,60,Female,Kochi,Twitter/X,Loyalty Campaign,3335,115735,5642,1110,295,295,310340,2026-02-24
1191,45,Male,Ahmedabad,Instagram,Brand Awareness,5637,30050,1832,265,94,94,89018,2025-06-27
1192,39,Male,Chennai,Google Ads,Festival Offer,8187,47647,2397,414,180,180,131400,2025-01-25
1193,56,Female,Delhi,Twitter/X,Flash Sale,6963,113644,4482,864,464,464,451936,2025-06-22
1194,58,Male,Jaipur,Instagram,Loyalty Campaign,4145,74052,6393,636,220,220,165000,2025-02-07
1195,24,Male,Mumbai,LinkedIn,Brand Awareness,10974,54588,5133,1182,299,299,305877,2026-03-02
1196,59,Male,Jaipur,Facebook,Loyalty Campaign,5602,64233,5990,852,348,348,168084,2025-10-11
1197,19,Female,Mumbai,Google Ads,Brand Awareness,7834,75775,2302,539,183,183,57279,2025-01-27
1198,46,Male,Delhi,Facebook,Flash Sale,5945,25653,1927,348,133,133,55461,2025-12-29
1199,60,Male,Kolkata,Instagram,New Launch,3419,35655,2034,507,214,214,166492,2026-04-02
1200,41,Male,Bengaluru,Google Ads,Loyalty Campaign,6851,72621,2006,303,145,145,66700,2025-09-08
1201,24,Male,Jaipur,Twitter/X,Summer Sale,5962,95855,8350,1253,636,636,581940,2025-01-28
1202,58,Female,Mumbai,LinkedIn,Summer Sale,9069,72195,3339,430,122,122,78568,2025-12-27
1203,41,Male,Bengaluru,LinkedIn,Referral Program,6284,62433,5890,1380,702,702,624078,2025-09-28
1204,24,Female,Kochi,Google Ads,Festival Offer,4572,30606,791,135,66,66,31086,2025-12-13
1205,20,Female,Mumbai,YouTube,Summer Sale,8562,91070,8043,932,367,367,311216,2026-01-11
1206,59,Male,Kolkata,Twitter/X,Summer Sale,5432,112646,4911,843,339,339,313914,2026-06-04
1207,25,Male,Ahmedabad,Google Ads,Brand Awareness,6985,92344,4391,1004,524,524,486796,2026-06-01
1208,42,Female,Kochi,YouTube,Flash Sale,6933,50591,1101,164,43,43,50439,2025-04-25
1209,42,Female,Ahmedabad,Email,Flash Sale,1133,32921,1081,185,58,58,22968,2025-04-14
1210,53,Male,Bengaluru,Twitter/X,Brand Awareness,7021,67712,2239,186,92,92,80500,2025-04-19
1211,51,Male,Pune,Email,Holiday Discount,2793,78396,3037,671,245,245,235200,2026-01-24
1212,39,Female,Mumbai,Instagram,Summer Sale,3779,76344,2515,284,136,136,129336,2025-05-12
1213,27,Female,Hyderabad,Facebook,Referral Program,7191,91504,4631,389,129,129,118680,2025-10-09
1214,41,Male,Jaipur,LinkedIn,Loyalty Campaign,5062,85569,7093,814,394,394,182028,2025-03-06
1215,58,Female,Kochi,Instagram,Holiday Discount,7045,42349,2085,354,91,91,47229,2026-01-03
1216,55,Male,Kolkata,Google Ads,Festival Offer,6487,112757,8854,2015,1203,1203,1284804,2026-04-02
1217,54,Female,Hyderabad,Twitter/X,Festival Offer,6338,61224,5346,704,219,219,167316,2025-06-01
1218,20,Female,Bengaluru,Google Ads,Loyalty Campaign,9456,15497,1527,342,148,148,135716,2025-03-23
1219,29,Male,Hyderabad,LinkedIn,Holiday Discount,6845,118463,8229,1054,331,331,194628,2026-02-18
1220,53,Female,Hyderabad,Email,New Launch,1752,43764,2795,519,267,267,87309,2025-08-26
1221,58,Female,Pune,Google Ads,Referral Program,8916,78726,1681,339,134,134,155574,2025-01-26
1222,50,Female,Kochi,Twitter/X,Holiday Discount,4984,28157,2718,660,374,374,246840,2025-04-06
1223,55,Female,Mumbai,Facebook,Summer Sale,5825,42585,4231,824,247,247,98800,2026-03-07
1224,46,Female,Jaipur,Twitter/X,Flash Sale,7045,111318,7145,1355,400,400,377200,2026-05-15
1225,22,Male,Hyderabad,Instagram,Summer Sale,5930,35436,1102,90,38,38,18316,2025-08-24
1226,29,Male,Jaipur,LinkedIn,Loyalty Campaign,9375,82045,4343,781,346,346,231128,2025-11-30
1227,44,Male,Bengaluru,Instagram,Brand Awareness,4397,54600,2192,485,209,209,204402,2025-12-04
1228,28,Female,Chennai,LinkedIn,Holiday Discount,8396,118474,5585,1172,433,433,177097,2025-08-07
1229,45,Male,Kochi,LinkedIn,Brand Awareness,9209,15121,1179,238,120,120,80880,2025-11-13
1230,42,Female,Bengaluru,Instagram,Loyalty Campaign,3586,17658,914,141,72,72,78336,2025-09-08
1231,43,Female,Jaipur,LinkedIn,Holiday Discount,11542,10724,266,62,20,20,14280,2025-11-26
1232,41,Male,Bengaluru,LinkedIn,Brand Awareness,6987,26594,1102,147,75,75,51900,2026-01-22
1233,31,Female,Ahmedabad,Google Ads,Loyalty Campaign,4062,67647,2119,503,232,232,206248,2025-02-28
1234,44,Male,Kochi,Twitter/X,Loyalty Campaign,6268,80931,6361,1459,831,831,826845,2026-04-14
1235,20,Female,Hyderabad,Twitter/X,Festival Offer,7896,52351,3224,730,257,257,96375,2025-12-28
1236,22,Male,Delhi,Twitter/X,Summer Sale,3126,99867,3468,292,78,78,86658,2025-11-25
1237,44,Female,Mumbai,Google Ads,Referral Program,4860,33418,1725,426,116,116,48836,2026-02-08
1238,21,Female,Hyderabad,YouTube,New Launch,6226,84180,4582,1013,524,524,164536,2025-04-08
1239,48,Male,Chennai,Twitter/X,Summer Sale,5540,89526,4141,497,291,291,120474,2026-05-19
1240,47,Male,Mumbai,Facebook,Flash Sale,6898,95266,4225,1041,300,300,128100,2025-03-27
1241,30,Male,Kolkata,Twitter/X,Festival Offer,7744,79835,5241,452,123,123,113283,2025-08-25
1242,20,Female,Ahmedabad,Twitter/X,Brand Awareness,7458,21586,1762,274,123,123,144648,2025-12-28
1243,42,Male,Kochi,Instagram,New Launch,5789,84314,6092,1346,616,616,550088,2026-04-17
1244,29,Female,Mumbai,Instagram,Referral Program,7137,19791,1036,151,74,74,80142,2025-10-05
1245,34,Female,Chennai,Facebook,Festival Offer,3496,108637,6321,752,413,413,494774,2025-08-26
1246,27,Male,Hyderabad,Twitter/X,Brand Awareness,5804,66912,1609,132,59,59,26727,2025-10-31
1247,24,Male,Bengaluru,Email,Summer Sale,3912,40323,2864,260,117,117,81666,2025-04-26
1248,33,Male,Hyderabad,Google Ads,Brand Awareness,9723,105889,4536,485,173,173,124906,2025-04-18
1249,19,Male,Kolkata,LinkedIn,Summer Sale,7482,60513,5049,1005,360,360,310680,2025-10-15
1250,54,Male,Kolkata,YouTube,Holiday Discount,9674,10732,693,152,39,39,37557,2025-11-15
1251,54,Female,Jaipur,Twitter/X,Festival Offer,6715,43031,1978,191,69,69,61065,2026-05-30
1252,33,Female,Kolkata,Twitter/X,Festival Offer,5819,112723,10885,1248,564,564,443304,2026-02-17
1253,33,Male,Kochi,Google Ads,Festival Offer,9072,11175,652,110,65,65,50895,2025-07-10
1254,26,Female,Kolkata,Email,New Launch,2591,108282,8712,1701,764,764,745664,2025-10-28
1255,27,Female,Bengaluru,Google Ads,Brand Awareness,7916,19877,1966,241,98,98,98980,2025-02-15
1256,33,Female,Kolkata,Facebook,New Launch,7784,11124,274,45,23,23,14007,2025-06-27
1257,57,Female,Kolkata,Twitter/X,Holiday Discount,4533,82931,7889,1182,691,691,532761,2026-01-17
1258,33,Female,Ahmedabad,Email,Summer Sale,3064,90614,7419,1824,1018,1018,1108602,2025-09-29
1259,30,Female,Delhi,Twitter/X,Festival Offer,3392,38848,2001,193,110,110,47630,2025-01-06
1260,25,Male,Pune,YouTube,Loyalty Campaign,8377,118352,2673,390,107,107,68587,2025-09-24
1261,22,Female,Ahmedabad,Email,Flash Sale,3255,13240,337,67,37,37,13727,2025-02-25
1262,21,Male,Chennai,Instagram,Loyalty Campaign,2978,93314,7266,1455,719,719,659323,2026-01-14
1263,59,Female,Mumbai,LinkedIn,Referral Program,9951,21831,797,169,77,77,72380,2026-01-28
1264,36,Female,Bengaluru,LinkedIn,Referral Program,7132,41817,1322,178,45,45,48015,2025-11-26
1265,37,Female,Hyderabad,Instagram,Flash Sale,3036,115105,5093,1255,476,476,364616,2026-06-24
1266,53,Male,Mumbai,YouTube,Summer Sale,10530,103958,5824,627,275,275,237600,2025-07-07
1267,51,Female,Mumbai,Facebook,Brand Awareness,6975,24352,1592,178,95,95,68305,2025-11-03
1268,24,Female,Bengaluru,Google Ads,Loyalty Campaign,5746,55530,3738,389,127,127,134112,2025-08-26
1269,60,Female,Jaipur,Google Ads,Summer Sale,4049,56253,4504,908,319,319,297946,2026-02-09
1270,36,Male,Kolkata,Email,Holiday Discount,2823,91123,3329,712,341,341,300421,2025-07-18
1271,49,Male,Bengaluru,YouTube,Festival Offer,8666,104575,4829,754,285,285,192945,2025-07-29
1272,21,Male,Pune,Twitter/X,New Launch,6037,118563,2999,715,366,366,163602,2025-05-08
1273,30,Male,Kochi,Facebook,Brand Awareness,3611,72257,3611,743,224,224,67424,2025-09-06
1274,36,Female,Mumbai,Facebook,Holiday Discount,7112,76178,5881,1455,755,755,771610,2025-05-17
1275,44,Female,Bengaluru,Twitter/X,New Launch,3208,21015,1826,320,146,146,74022,2025-10-11
1276,57,Female,Ahmedabad,Facebook,Loyalty Campaign,5562,81167,2681,548,137,137,117683,2025-11-12
1277,44,Male,Mumbai,Facebook,Flash Sale,5848,57060,2067,242,111,111,55500,2025-09-03
1278,46,Male,Hyderabad,Email,Flash Sale,2991,112934,4738,1032,478,478,567386,2025-12-25
1279,18,Male,Ahmedabad,LinkedIn,New Launch,10259,82973,6945,1710,697,697,520659,2026-04-24
1280,45,Female,Ahmedabad,Email,New Launch,3949,65235,6309,741,197,197,145977,2025-02-18
1281,33,Male,Kochi,LinkedIn,Loyalty Campaign,7407,60846,2771,549,272,272,144976,2025-10-26
1282,46,Female,Kochi,Google Ads,Loyalty Campaign,4327,70624,5298,1296,663,663,739908,2025-04-10
1283,35,Female,Delhi,Google Ads,Flash Sale,8479,36066,2160,440,166,166,144918,2026-03-15
1284,57,Male,Ahmedabad,YouTube,Holiday Discount,5685,59982,4673,635,200,200,62200,2025-08-25
1285,58,Male,Pune,Google Ads,Summer Sale,4835,43135,2791,397,132,132,41580,2025-12-11
1286,18,Male,Jaipur,Google Ads,Brand Awareness,5338,70613,5182,1238,398,398,122186,2025-06-12
1287,27,Male,Jaipur,Google Ads,Festival Offer,7342,63502,2914,666,341,341,392150,2025-12-06
1288,55,Female,Hyderabad,Email,Flash Sale,2663,48164,1792,285,141,141,156510,2025-11-05
1289,55,Male,Delhi,Instagram,New Launch,7419,47215,3557,642,284,284,222656,2026-03-30
1290,58,Female,Kochi,Instagram,Flash Sale,7271,10270,612,75,23,23,14835,2026-06-17
1291,58,Male,Pune,Google Ads,Summer Sale,8414,112737,8458,864,312,312,365664,2026-04-24
1292,43,Female,Hyderabad,Twitter/X,Holiday Discount,4877,112687,10902,965,281,281,211031,2025-08-06
1293,33,Female,Hyderabad,YouTube,Festival Offer,8783,70178,3398,344,168,168,187488,2025-12-17
1294,34,Female,Ahmedabad,Google Ads,Summer Sale,8357,81099,4859,859,245,245,253820,2026-03-25
1295,37,Female,Ahmedabad,Google Ads,Summer Sale,4117,102406,3903,372,117,117,128466,2026-02-04
1296,39,Female,Ahmedabad,Instagram,Festival Offer,3801,33641,843,142,51,51,55182,2026-02-21
1297,56,Female,Chennai,YouTube,Brand Awareness,9284,104052,3532,401,135,135,97335,2025-06-16
1298,33,Male,Mumbai,YouTube,Flash Sale,10666,28113,1338,164,47,47,26414,2026-01-10
1299,21,Female,Delhi,Twitter/X,Holiday Discount,7636,22148,843,153,46,46,49496,2025-03-23
1300,43,Male,Kolkata,LinkedIn,New Launch,9428,20983,496,49,15,15,17835,2026-06-15
1301,39,Female,Kolkata,Facebook,Referral Program,7571,13806,574,130,74,74,70448,2025-10-22
1302,37,Female,Pune,YouTube,Loyalty Campaign,6540,30217,2505,544,190,190,148580,2026-05-23
1303,34,Female,Hyderabad,Google Ads,Loyalty Campaign,7799,15254,993,79,21,21,11655,2025-01-04
1304,43,Female,Kochi,Facebook,New Launch,6958,39211,2700,502,282,282,127464,2025-06-08
1305,22,Female,Mumbai,Facebook,Loyalty Campaign,7433,30921,1555,224,129,129,144738,2026-04-27
1306,56,Male,Ahmedabad,Facebook,Loyalty Campaign,6143,82452,5893,1416,360,360,276120,2025-08-23
1307,25,Female,Delhi,Twitter/X,Referral Program,6982,10254,773,62,25,25,18650,2025-04-27
1308,20,Male,Ahmedabad,YouTube,Brand Awareness,7711,49004,3594,597,315,315,131355,2025-10-27
1309,46,Male,Ahmedabad,Instagram,Summer Sale,3991,16687,1221,230,106,106,47700,2026-03-28
1310,35,Female,Delhi,Twitter/X,New Launch,7342,88312,4309,1035,358,358,220886,2025-08-04
1311,26,Female,Mumbai,Facebook,New Launch,6450,72027,5059,897,398,398,128554,2025-09-13
1312,52,Male,Bengaluru,Instagram,Flash Sale,5530,50819,4553,1000,264,264,135960,2025-12-21
1313,24,Male,Mumbai,Twitter/X,Holiday Discount,7592,77446,5695,648,387,387,458595,2025-09-15
1314,27,Male,Bengaluru,Facebook,Brand Awareness,4752,52925,1545,278,132,132,109560,2026-06-25
1315,50,Female,Jaipur,Google Ads,Festival Offer,5662,114256,8606,1939,692,692,792340,2026-06-16
1316,52,Male,Ahmedabad,YouTube,Loyalty Campaign,8769,33931,2392,482,230,230,72910,2025-07-23
1317,53,Male,Hyderabad,Google Ads,Holiday Discount,8831,38488,1923,180,80,80,30960,2026-02-03
1318,31,Female,Delhi,Email,Brand Awareness,3294,115171,4386,916,395,395,466890,2025-12-09
1319,18,Female,Chennai,LinkedIn,Holiday Discount,8318,33911,2164,354,150,150,64200,2025-10-10
1320,33,Male,Kochi,Instagram,Flash Sale,5773,52360,1353,229,82,82,31816,2026-01-06
1321,57,Female,Pune,Email,Brand Awareness,1952,55646,4544,764,455,455,423605,2025-08-19
1322,45,Male,Mumbai,Twitter/X,Festival Offer,6268,56284,1602,264,127,127,147447,2026-05-24
1323,35,Male,Ahmedabad,LinkedIn,Loyalty Campaign,8223,85165,3254,753,252,252,284760,2026-05-04
1324,22,Male,Kochi,Instagram,Festival Offer,7024,25505,1120,101,52,52,48308,2026-04-09
1325,26,Male,Bengaluru,Instagram,Brand Awareness,2535,82447,1823,238,79,79,28440,2026-05-07
1326,48,Female,Ahmedabad,Facebook,Brand Awareness,5048,41055,2067,402,181,181,89595,2025-08-25
1327,29,Male,Jaipur,YouTube,Flash Sale,5124,78679,3463,814,343,343,335111,2025-12-28
1328,29,Male,Chennai,YouTube,Brand Awareness,6204,118511,8674,1710,520,520,185120,2026-01-18
1329,41,Female,Bengaluru,Facebook,Summer Sale,5224,100761,6519,1429,667,667,380190,2025-02-18
1330,31,Male,Kolkata,Facebook,Loyalty Campaign,6562,19949,432,49,22,22,15972,2025-02-20
1331,42,Female,Delhi,Twitter/X,Brand Awareness,4967,64936,2533,505,205,205,140220,2026-05-30
1332,40,Male,Mumbai,Facebook,Referral Program,7059,84934,8067,1021,483,483,345828,2025-12-03
1333,36,Female,Hyderabad,Google Ads,Festival Offer,6151,75605,5529,1313,505,505,426725,2025-12-17
1334,46,Male,Hyderabad,Facebook,Summer Sale,5063,43038,3832,507,161,161,130732,2025-06-18
1335,47,Female,Jaipur,Instagram,Loyalty Campaign,4371,50339,2745,346,197,197,233839,2025-02-22
1336,20,Female,Pune,Facebook,Festival Offer,5962,77737,6683,1070,437,437,176111,2025-09-01
1337,56,Male,Mumbai,Twitter/X,New Launch,3753,60464,2137,458,146,146,59714,2025-04-09
1338,22,Female,Kochi,Email,Summer Sale,1123,90073,4132,852,277,277,315226,2025-11-18
1339,22,Female,Chennai,Instagram,Flash Sale,3498,51730,2373,320,94,94,47000,2025-04-30
1340,30,Female,Hyderabad,YouTube,Referral Program,8681,70062,6023,674,383,383,383383,2025-11-04
1341,49,Male,Pune,Facebook,Summer Sale,5277,74023,4797,537,317,317,373109,2025-06-27
1342,46,Female,Ahmedabad,Facebook,Referral Program,2577,49719,1609,232,124,124,105772,2025-01-08
1343,56,Female,Delhi,Instagram,Loyalty Campaign,4690,30969,1587,384,131,131,58164,2025-09-01
1344,24,Male,Bengaluru,YouTube,Flash Sale,7273,62282,1877,421,215,215,225535,2025-02-28
1345,28,Male,Ahmedabad,Instagram,Festival Offer,2909,75993,1652,199,99,99,35937,2025-01-07
1346,32,Female,Hyderabad,Facebook,New Launch,2523,82033,6266,766,371,371,371371,2025-10-12
1347,28,Female,Kolkata,Twitter/X,New Launch,3681,80193,4035,766,215,215,168775,2026-01-28
1348,18,Male,Kochi,Facebook,Festival Offer,5045,82184,2789,692,360,360,291960,2026-05-09
1349,22,Male,Pune,Twitter/X,Festival Offer,4064,26564,1130,199,58,58,52432,2025-06-20
1350,60,Male,Jaipur,Facebook,New Launch,6171,73319,5066,652,273,273,310947,2026-05-25
1351,29,Male,Ahmedabad,YouTube,New Launch,9569,118703,8793,742,371,371,205905,2025-01-18
1352,45,Female,Kochi,Email,Referral Program,1809,74178,6168,887,348,348,299280,2025-09-11
1353,51,Female,Ahmedabad,Instagram,Referral Program,3844,17640,433,74,26,26,18798,2025-12-18
1354,38,Male,Hyderabad,Twitter/X,Festival Offer,5552,50726,3460,858,270,270,235440,2025-08-08
1355,60,Female,Pune,Twitter/X,Summer Sale,5550,84727,8085,916,335,335,388265,2025-06-18
1356,57,Male,Hyderabad,Facebook,New Launch,5740,39656,1866,465,121,121,73205,2025-02-16
1357,55,Female,Mumbai,YouTube,Holiday Discount,6614,50105,2000,394,147,147,55125,2026-06-06
1358,57,Female,Kolkata,Instagram,Flash Sale,4042,74572,5026,1201,323,323,159239,2025-05-14
1359,41,Female,Kolkata,Email,Holiday Discount,3092,44382,1665,381,107,107,80464,2025-05-02
1360,45,Female,Kolkata,Instagram,Summer Sale,3607,10004,861,188,54,54,24300,2025-10-11
1361,48,Male,Kolkata,YouTube,Loyalty Campaign,7502,100040,3681,497,254,254,269240,2025-08-05
1362,40,Male,Chennai,YouTube,Festival Offer,8391,30582,1257,270,89,89,27056,2026-04-29
1363,59,Male,Jaipur,LinkedIn,Flash Sale,9843,77998,7639,1187,702,702,834678,2025-07-24
1364,23,Male,Bengaluru,YouTube,Summer Sale,9525,25865,2290,521,146,146,156804,2025-03-26
1365,29,Male,Ahmedabad,Email,Holiday Discount,2547,58105,2338,521,244,244,206180,2025-05-07
1366,54,Male,Kolkata,Email,Loyalty Campaign,2512,36484,851,99,47,47,24769,2026-05-12
1367,42,Male,Kolkata,Google Ads,Brand Awareness,6031,33612,714,157,62,62,73594,2026-03-12
1368,34,Male,Ahmedabad,Instagram,Brand Awareness,7034,113039,10653,951,539,539,541695,2025-10-01
1369,38,Male,Bengaluru,LinkedIn,Brand Awareness,10320,41138,3678,806,335,335,295135,2025-02-20
1370,20,Female,Mumbai,Email,Loyalty Campaign,2232,51643,3109,574,314,314,194994,2025-01-05
1371,24,Female,Pune,Instagram,Holiday Discount,4411,62491,2286,530,183,183,158112,2025-01-11
1372,22,Female,Kochi,LinkedIn,Loyalty Campaign,9965,94357,8305,1092,500,500,182500,2025-03-06
1373,24,Male,Chennai,Instagram,Brand Awareness,7912,81579,6419,841,448,448,462336,2026-01-21
1374,33,Male,Mumbai,Google Ads,Festival Offer,8739,114085,10280,2252,1069,1069,615744,2025-08-21
1375,44,Female,Ahmedabad,Instagram,Festival Offer,2543,35086,2611,237,80,80,53520,2025-04-28
1376,45,Male,Pune,Instagram,Holiday Discount,3965,10295,653,121,71,71,23146,2026-05-04
1377,59,Male,Jaipur,Facebook,Loyalty Campaign,7487,61486,3080,434,187,187,190553,2025-03-10
1378,29,Female,Mumbai,LinkedIn,New Launch,5439,99588,8867,795,239,239,271743,2025-09-14
1379,34,Male,Kochi,Google Ads,Summer Sale,5537,49415,2371,222,69,69,34776,2026-05-20
1380,19,Male,Kochi,Google Ads,Loyalty Campaign,7600,82036,8129,1600,502,502,430214,2025-07-11
1381,43,Male,Chennai,Twitter/X,New Launch,4449,89869,5278,620,334,334,146626,2026-01-07
1382,39,Male,Delhi,Instagram,Holiday Discount,3311,81110,3155,295,167,167,133266,2025-05-07
1383,48,Female,Kochi,Twitter/X,Flash Sale,4676,23896,2361,443,222,222,124320,2026-03-12
1384,58,Male,Ahmedabad,LinkedIn,Summer Sale,8792,68134,2542,587,347,347,250187,2025-10-13
1385,42,Female,Ahmedabad,Email,Summer Sale,2735,119048,6888,1109,631,631,662550,2025-11-16
1386,25,Male,Mumbai,Google Ads,Summer Sale,5219,26097,1630,233,107,107,94374,2026-03-20
1387,25,Male,Mumbai,Twitter/X,New Launch,3021,119818,3545,552,223,223,108601,2026-03-30
1388,24,Male,Mumbai,YouTube,Festival Offer,8226,49649,3786,315,116,116,54288,2025-12-13
1389,35,Male,Delhi,Facebook,Loyalty Campaign,3017,111150,3585,713,272,272,205360,2025-12-26
1390,48,Male,Kochi,Instagram,Festival Offer,3938,101681,7712,892,412,412,476684,2025-09-01
1391,40,Female,Kolkata,Facebook,Festival Offer,4390,27848,2670,551,298,298,193104,2026-04-29
1392,58,Male,Delhi,Google Ads,New Launch,6580,92550,8615,1898,964,964,309444,2026-03-14
1393,29,Male,Chennai,YouTube,Holiday Discount,8381,70657,2211,365,217,217,159929,2025-12-25
1394,24,Female,Chennai,Instagram,Festival Offer,7425,114137,5919,925,393,393,371778,2026-03-24
1395,27,Male,Bengaluru,Facebook,Referral Program,2887,86827,7555,1850,1021,1021,1206822,2025-02-23
1396,42,Male,Hyderabad,Instagram,Brand Awareness,4723,68433,3915,721,267,267,123354,2025-10-07
1397,44,Female,Kochi,LinkedIn,Loyalty Campaign,9691,20078,1720,410,175,175,133700,2025-10-06
1398,39,Female,Chennai,YouTube,Flash Sale,9585,56369,4658,755,192,192,97536,2025-03-17
1399,54,Male,Mumbai,Facebook,Holiday Discount,4357,86910,2456,403,205,205,172815,2025-09-11
1400,24,Male,Ahmedabad,Facebook,Loyalty Campaign,2605,89821,3389,707,184,184,214544,2026-03-10
1401,46,Female,Chennai,Instagram,Flash Sale,2661,77739,4350,859,408,408,221952,2025-01-31
1402,57,Female,Mumbai,YouTube,Festival Offer,7725,88193,6662,1634,924,924,794640,2025-03-10
1403,28,Male,Kolkata,Email,Festival Offer,2574,27125,2683,249,136,136,101184,2026-06-16
1404,21,Female,Hyderabad,Instagram,New Launch,4832,24313,2140,209,86,86,48590,2025-05-07
1405,57,Male,Delhi,Google Ads,Holiday Discount,5133,36513,3556,629,170,170,126820,2025-09-16
1406,29,Female,Chennai,Facebook,Holiday Discount,3399,84529,3196,359,115,115,109940,2025-06-26
1407,51,Female,Hyderabad,Email,Festival Offer,2296,86231,6472,1335,452,452,321824,2026-06-06
1408,29,Female,Chennai,Instagram,Flash Sale,4396,106029,2307,374,141,141,141423,2025-11-29
1409,57,Female,Pune,YouTube,Festival Offer,5974,55832,2552,439,218,218,177888,2026-03-18
1410,27,Male,Bengaluru,Instagram,New Launch,6838,106551,6929,722,251,251,216613,2025-12-31
1411,38,Male,Mumbai,YouTube,Loyalty Campaign,9857,42364,3987,962,368,368,236624,2025-11-06
1412,60,Male,Bengaluru,Google Ads,Referral Program,9284,102591,3924,557,251,251,122237,2025-03-08
1413,36,Male,Kochi,LinkedIn,Loyalty Campaign,8559,18395,1178,207,67,67,61975,2025-04-29
1414,38,Female,Hyderabad,LinkedIn,Summer Sale,8273,83331,6930,1716,960,960,621120,2025-08-17
1415,47,Female,Delhi,Instagram,Festival Offer,7674,55662,4961,694,383,383,437003,2025-03-31
1416,32,Female,Jaipur,YouTube,Holiday Discount,10331,23382,904,163,80,80,42560,2026-03-09
1417,33,Female,Chennai,Instagram,Referral Program,4383,21940,1342,165,42,42,17346,2026-05-26
1418,21,Female,Jaipur,Google Ads,Referral Program,8776,107447,3079,351,117,117,100152,2026-06-13
1419,53,Male,Jaipur,Twitter/X,Festival Offer,4004,88668,6807,1589,671,671,213378,2025-03-23
1420,47,Male,Kochi,Email,Festival Offer,2516,53204,1778,399,232,232,92800,2025-11-07
1421,41,Male,Bengaluru,YouTube,Referral Program,10430,101117,6690,1121,604,604,201736,2025-09-20
1422,47,Male,Ahmedabad,Facebook,Holiday Discount,5748,95107,6643,1042,358,358,370530,2026-01-11
1423,34,Male,Mumbai,Instagram,New Launch,5980,36093,3138,319,186,186,149730,2025-11-28
1424,59,Female,Kochi,Facebook,New Launch,5438,106552,9736,870,369,369,309960,2025-08-06
1425,27,Female,Mumbai,LinkedIn,New Launch,10604,42706,4203,493,153,153,79407,2025-08-22
1426,20,Female,Bengaluru,Instagram,Brand Awareness,4052,90155,5224,655,200,200,76600,2025-03-02
1427,34,Female,Mumbai,Google Ads,Referral Program,4993,49185,1730,389,118,118,97704,2025-06-08
1428,28,Male,Ahmedabad,Google Ads,Loyalty Campaign,6266,22056,1439,280,91,91,91182,2025-09-12
1429,40,Male,Hyderabad,Instagram,Flash Sale,7885,98164,4979,1074,377,377,134966,2026-01-20
1430,57,Female,Chennai,Instagram,New Launch,3116,27177,557,67,21,21,13776,2025-09-15
1431,56,Male,Bengaluru,Twitter/X,Holiday Discount,4963,119361,7425,1474,684,684,394668,2025-11-15
1432,44,Male,Kolkata,Email,Summer Sale,2840,65245,6092,1071,338,338,215982,2026-05-04
1433,59,Male,Pune,Google Ads,Loyalty Campaign,6242,23483,2191,395,144,144,127440,2025-03-22
1434,24,Female,Kolkata,Google Ads,Summer Sale,5601,62519,4534,888,489,489,582888,2026-01-22
1435,25,Male,Delhi,YouTube,Holiday Discount,9237,27418,839,128,69,69,52164,2025-09-30
1436,29,Male,Delhi,Twitter/X,Holiday Discount,5340,10456,764,114,33,33,29898,2025-06-06
1437,52,Female,Hyderabad,Email,Loyalty Campaign,2002,102507,9243,1081,357,357,336294,2025-09-22
1438,21,Female,Delhi,LinkedIn,New Launch,8981,114634,2341,229,83,83,65155,2025-05-12
1439,45,Male,Kochi,LinkedIn,Holiday Discount,9748,86881,4586,972,530,530,610560,2025-04-19
1440,30,Female,Chennai,Email,Festival Offer,3140,47664,2891,362,150,150,97950,2026-02-05
1441,30,Female,Bengaluru,Facebook,Festival Offer,2608,32430,1995,475,219,219,208269,2025-09-15
1442,43,Male,Delhi,Email,New Launch,3733,19431,901,204,91,91,69524,2026-02-08
1443,41,Male,Jaipur,LinkedIn,Referral Program,5474,118122,3821,614,232,232,152888,2025-05-09
1444,43,Male,Jaipur,Instagram,Flash Sale,5721,82917,3941,486,162,162,147420,2025-05-19
1445,44,Female,Kolkata,Facebook,Referral Program,6362,10877,495,102,33,33,20526,2026-01-14
1446,58,Female,Kochi,LinkedIn,Brand Awareness,9814,53461,4398,381,125,125,90250,2025-09-14
1447,41,Female,Pune,YouTube,Holiday Discount,9600,110334,6196,733,410,410,136120,2025-08-16
1448,37,Female,Delhi,Email,Loyalty Campaign,3359,98271,8457,1499,703,703,352203,2025-09-16
1449,48,Male,Pune,YouTube,Flash Sale,6178,40712,1546,207,88,88,104280,2025-03-28
1450,28,Male,Kolkata,YouTube,Festival Offer,9472,108256,6792,544,234,234,241488,2025-07-17
1451,40,Male,Mumbai,YouTube,New Launch,5661,61560,1434,329,85,85,101320,2025-01-25
1452,47,Male,Kolkata,LinkedIn,Holiday Discount,6608,90746,6058,1365,521,521,466295,2026-02-28
1453,59,Female,Pune,Facebook,New Launch,3807,23765,1271,253,103,103,39243,2026-06-01
1454,50,Male,Chennai,Twitter/X,Flash Sale,6625,74444,2120,343,145,145,82505,2025-09-16
1455,50,Female,Chennai,YouTube,Brand Awareness,10376,55633,2801,461,120,120,75120,2026-01-19
1456,52,Male,Pune,YouTube,Referral Program,6245,21329,1420,143,75,75,38250,2025-04-16
1457,49,Male,Kolkata,YouTube,Referral Program,8932,97406,5303,1111,378,378,303156,2025-05-19
1458,40,Male,Delhi,Email,Festival Offer,1602,22036,2199,357,128,128,125056,2025-07-21
1459,18,Female,Pune,Email,Holiday Discount,3470,15994,721,76,42,42,37464,2025-04-06
1460,28,Female,Ahmedabad,Google Ads,Holiday Discount,9766,93794,6375,931,240,240,270480,2025-04-12
1461,53,Male,Kolkata,YouTube,Festival Offer,6021,49755,1012,132,55,55,51150,2026-01-15
1462,31,Female,Hyderabad,Facebook,Flash Sale,4977,16318,1378,301,147,147,157290,2025-12-03
1463,48,Female,Jaipur,LinkedIn,Loyalty Campaign,9127,113283,9018,829,351,351,204282,2026-03-27
1464,52,Female,Pune,Email,Flash Sale,2717,113694,8011,1846,565,565,185320,2025-11-26
1465,35,Female,Bengaluru,Email,New Launch,1990,10603,377,50,26,26,13182,2025-03-06
1466,22,Female,Pune,Instagram,Holiday Discount,3285,11661,1068,157,84,84,35868,2025-08-07
1467,51,Female,Kochi,Email,Brand Awareness,3096,10601,518,45,25,25,20700,2025-03-26
1468,58,Female,Delhi,YouTube,New Launch,10718,93916,7407,802,260,260,161720,2026-03-13
1469,49,Male,Chennai,Twitter/X,Brand Awareness,4553,107506,9817,1978,530,530,614270,2025-04-19
1470,19,Male,Jaipur,Google Ads,Festival Offer,9774,60010,4155,416,220,220,186780,2025-07-25
1471,18,Female,Kochi,Instagram,Festival Offer,6276,64132,2463,423,242,242,98736,2026-01-24
1472,38,Female,Pune,YouTube,New Launch,5814,82651,2300,401,147,147,136563,2026-06-07
1473,28,Female,Bengaluru,Google Ads,Flash Sale,8720,113299,5762,924,444,444,158952,2025-11-09
1474,40,Female,Delhi,Instagram,Brand Awareness,3139,90431,5089,744,398,398,278998,2025-09-13
1475,23,Female,Bengaluru,Instagram,Holiday Discount,2545,101520,3353,777,259,259,212380,2025-07-29
1476,58,Female,Delhi,Instagram,Loyalty Campaign,5113,10645,824,106,62,62,43896,2025-11-15
1477,46,Male,Kochi,Google Ads,Holiday Discount,8804,50610,3568,301,133,133,69027,2025-10-16
1478,60,Male,Ahmedabad,LinkedIn,Festival Offer,9133,74343,1598,203,110,110,124300,2025-07-25
1479,37,Female,Hyderabad,YouTube,Summer Sale,6919,117027,11043,2650,1154,1154,1310944,2026-04-14
1480,36,Female,Hyderabad,Twitter/X,Referral Program,6969,105456,7489,1858,808,808,486416,2025-05-22
1481,25,Female,Mumbai,YouTube,Loyalty Campaign,9351,34946,1261,176,84,84,90216,2025-06-15
1482,26,Male,Jaipur,Twitter/X,Holiday Discount,3509,10810,420,101,41,41,41861,2025-05-20
1483,44,Male,Bengaluru,Google Ads,Festival Offer,7741,55232,2069,379,117,117,40599,2025-01-09
1484,51,Female,Chennai,Email,Holiday Discount,1311,77014,6076,1133,453,453,153567,2025-09-22
1485,55,Male,Kolkata,Google Ads,Brand Awareness,4618,24104,1967,245,118,118,74340,2025-12-02
1486,54,Male,Mumbai,LinkedIn,Brand Awareness,6722,112398,2692,450,255,255,124185,2026-04-21
1487,37,Male,Chennai,Facebook,Referral Program,7055,48688,2851,419,114,114,70794,2025-08-29
1488,48,Male,Kolkata,Google Ads,Summer Sale,9087,17657,696,89,32,32,28928,2026-04-27
1489,30,Female,Ahmedabad,Google Ads,New Launch,9278,80610,2797,319,180,180,128340,2026-01-23
1490,49,Male,Kolkata,Twitter/X,Summer Sale,4434,34161,1880,354,167,167,83166,2025-04-29
1491,21,Male,Pune,Instagram,Brand Awareness,6074,94793,5374,487,251,251,286140,2026-03-07
1492,22,Female,Bengaluru,Google Ads,Flash Sale,7201,41643,1587,366,189,189,173880,2025-05-21
1493,56,Male,Jaipur,Facebook,Summer Sale,5616,35338,847,112,66,66,63360,2026-06-12
1494,57,Male,Hyderabad,Google Ads,New Launch,8163,118460,5609,1249,410,410,190650,2026-01-08
1495,41,Male,Jaipur,Email,Summer Sale,3616,118073,9030,941,278,278,162352,2025-03-21
1496,21,Female,Jaipur,Instagram,Loyalty Campaign,3524,118854,2567,429,217,217,248248,2025-06-04
1497,34,Female,Kochi,LinkedIn,New Launch,5313,107372,6342,507,156,156,186732,2025-04-14
1498,58,Female,Mumbai,LinkedIn,Festival Offer,7596,98545,6699,945,381,381,177165,2025-06-01
1499,27,Female,Bengaluru,Twitter/X,Summer Sale,7853,103769,2278,449,201,201,118590,2025-03-20
1500,23,Male,Pune,LinkedIn,Loyalty Campaign,10009,101411,7396,1064,586,586,479934,2025-07-04
